,2017,2017,2017,2016,2016,2016,2015,2015,2015,2014,2014,2014,2013,2013,2013,2012,2012,2012,2011,2011,2011,2010,2010,2010,2009,2009,2009,2008,2008,2008,2007,2007,2007,2006,2006,2006,2005,2005,2005,2004,2004,2004,2003,2003,2003,2002,2002,2002,2001,2001,2001,2000,2000,2000
,Deaths per 1 000 live births,Deaths per 1 000 live births,Deaths per 1 000 live births,Deaths per 1 000 live births,Deaths per 1 000 live births,Deaths per 1 000 live births,Deaths per 1 000 live births,Deaths per 1 000 live births,Deaths per 1 000 live births,Deaths per 1 000 live births,Deaths per 1 000 live births,Deaths per 1 000 live births,Deaths per 1 000 live births,Deaths per 1 000 live births,Deaths per 1 000 live births,Deaths per 1 000 live births,Deaths per 1 000 live births,Deaths per 1 000 live births,Deaths per 1 000 live births,Deaths per 1 000 live births,Deaths per 1 000 live births,Deaths per 1 000 live births,Deaths per 1 000 live births,Deaths per 1 000 live births,Deaths per 1 000 live births,Deaths per 1 000 live births,Deaths per 1 000 live births,Deaths per 1 000 live births,Deaths per 1 000 live births,Deaths per 1 000 live births,Deaths per 1 000 live births,Deaths per 1 000 live births,Deaths per 1 000 live births,Deaths per 1 000 live births,Deaths per 1 000 live births,Deaths per 1 000 live births,Deaths per 1 000 live births,Deaths per 1 000 live births,Deaths per 1 000 live births,Deaths per 1 000 live births,Deaths per 1 000 live births,Deaths per 1 000 live births,Deaths per 1 000 live births,Deaths per 1 000 live births,Deaths per 1 000 live births,Deaths per 1 000 live births,Deaths per 1 000 live births,Deaths per 1 000 live births,Deaths per 1 000 live births,Deaths per 1 000 live births,Deaths per 1 000 live births,Deaths per 1 000 live births,Deaths per 1 000 live births,Deaths per 1 000 live births
,Malaria,Malaria,Malaria,Malaria,Malaria,Malaria,Malaria,Malaria,Malaria,Malaria,Malaria,Malaria,Malaria,Malaria,Malaria,Malaria,Malaria,Malaria,Malaria,Malaria,Malaria,Malaria,Malaria,Malaria,Malaria,Malaria,Malaria,Malaria,Malaria,Malaria,Malaria,Malaria,Malaria,Malaria,Malaria,Malaria,Malaria,Malaria,Malaria,Malaria,Malaria,Malaria,Malaria,Malaria,Malaria,Malaria,Malaria,Malaria,Malaria,Malaria,Malaria,Malaria,Malaria,Malaria
Country,0-27 days,1-59 months,0-4 years,0-27 days,1-59 months,0-4 years,0-27 days,1-59 months,0-4 years,0-27 days,1-59 months,0-4 years,0-27 days,1-59 months,0-4 years,0-27 days,1-59 months,0-4 years,0-27 days,1-59 months,0-4 years,0-27 days,1-59 months,0-4 years,0-27 days,1-59 months,0-4 years,0-27 days,1-59 months,0-4 years,0-27 days,1-59 months,0-4 years,0-27 days,1-59 months,0-4 years,0-27 days,1-59 months,0-4 years,0-27 days,1-59 months,0-4 years,0-27 days,1-59 months,0-4 years,0-27 days,1-59 months,0-4 years,0-27 days,1-59 months,0-4 years,0-27 days,1-59 months,0-4 years
Afghanistan,0,0.1,0.1,0,0.1,0.1,0,0,0,0,0,0,0,0,0,0,0,0,0,0,0,0,0,0,0,0,0,0,0,0,0,0,0,0,0,0,0,0.1,0.1,0,0.1,0.1,0,0.2,0.2,0,0.4,0.4,0,0.3,0.3,0,0.3,0.3
Albania,0,0,0,0,0,0,0,0,0,0,0,0,0,0,0,0,0,0,0,0,0,0,0,0,0,0,0,0,0,0,0,0,0,0,0,0,0,0,0,0,0,0,0,0,0,0,0,0,0,0,0,0,0,0
Algeria,0,0,0,0,0,0,0,0,0,0,0,0,0,0,0,0,0,0,0,0,0,0,0,0,0,0,0,0,0,0,0,0,0,0,0,0,0,0,0,0,0,0,0,0,0,0,0,0,0,0,0,0,0,0
Andorra,0,0,0,0,0,0,0,0,0,0,0,0,0,0,0,0,0,0,0,0,0,0,0,0,0,0,0,0,0,0,0,0,0,0,0,0,0,0,0,0,0,0,0,0,0,0,0,0,0,0,0,0,0,0
Angola,0,5.4,5.4,0,5.6,5.6,0,5.8,5.8,0,5.9,5.9,0,5.9,5.9,0,6.2,6.2,0,6.8,6.8,0,7.7,7.7,0,8.9,8.9,0,10.3,10.3,0,12,12,0,13.7,13.7,0,15.3,15.3,0,16.8,16.8,0,18.1,18.1,0,19,19,0,19.1,19.1,0,19.3,19.3
Antigua and Barbuda,0,0,0,0,0,0,0,0,0,0,0,0,0,0,0,0,0,0,0,0,0,0,0,0,0,0,0,0,0,0,0,0,0,0,0,0,0,0,0,0,0,0,0,0,0,0,0,0,0,0,0,0,0,0
Argentina,0,0,0,0,0,0,0,0,0,0,0,0,0,0,0,0,0,0,0,0,0,0,0,0,0,0,0,0,0,0,0,0,0,0,0,0,0,0,0,0,0,0,0,0,0,0,0,0,0,0,0,0,0,0
Armenia,0,0,0,0,0,0,0,0,0,0,0,0,0,0,0,0,0,0,0,0,0,0,0,0,0,0,0,0,0,0,0,0,0,0,0,0,0,0,0,0,0,0,0,0,0,0,0,0,0,0,0,0,0,0
Australia,0,0,0,0,0,0,0,0,0,0,0,0,0,0,0,0,0,0,0,0,0,0,0,0,0,0,0,0,0,0,0,0,0,0,0,0,0,0,0,0,0,0,0,0,0,0,0,0,0,0,0,0,0,0
Austria,0,0,0,0,0,0,0,0,0,0,0,0,0,0,0,0,0,0,0,0,0,0,0,0,0,0,0,0,0,0,0,0,0,0,0,0,0,0,0,0,0,0,0,0,0,0,0,0,0,0,0,0,0,0
Azerbaijan,0,0,0,0,0,0,0,0,0,0,0,0,0,0,0,0,0,0,0,0,0,0,0,0,0,0,0,0,0,0,0,0,0,0,0,0,0,0,0,0,0,0,0,0,0,0,0,0,0,0,0,0,0,0
Bahamas,0,0,0,0,0,0,0,0,0,0,0,0,0,0,0,0,0,0,0,0,0,0,0,0,0,0,0,0,0,0,0,0,0,0,0,0,0,0,0,0,0,0,0,0,0,0,0,0,0,0,0,0,0,0
Bahrain,0,0,0,0,0,0,0,0,0,0,0,0,0,0,0,0,0,0,0,0,0,0,0,0,0,0,0,0,0,0,0,0,0,0,0,0,0,0,0,0,0,0,0,0,0,0,0,0,0,0,0,0,0,0
Bangladesh,0,0,0,0,0,0,0,0,0,0,0,0,0,0,0,0,0,0,0,0,0,0,0,0,0,0,0,0,0,0,0,0,0,0,0,0,0,0,0,0,0,0,0,0,0,0,0,0,0,0,0,0,0,0
Barbados,0,0,0,0,0,0,0,0,0,0,0,0,0,0,0,0,0,0,0,0,0,0,0,0,0,0,0,0,0,0,0,0,0,0,0,0,0,0,0,0,0,0,0,0,0,0,0,0,0,0,0,0,0,0
Belarus,0,0,0,0,0,0,0,0,0,0,0,0,0,0,0,0,0,0,0,0,0,0,0,0,0,0,0,0,0,0,0,0,0,0,0,0,0,0,0,0,0,0,0,0,0,0,0,0,0,0,0,0,0,0
Belgium,0,0,0,0,0,0,0,0,0,0,0,0,0,0,0,0,0,0,0,0,0,0,0,0,0,0,0,0,0,0,0,0,0,0,0,0,0,0,0,0,0,0,0,0,0,0,0,0,0,0,0,0,0,0
Belize,0,0,0,0,0,0,0,0,0,0,0,0,0,0,0,0,0,0,0,0,0,0,0,0,0,0,0,0,0,0,0,0,0,0,0,0,0,0,0,0,0,0,0,0,0,0,0,0,0,0,0,0,0,0
Benin,0,15.6,15.6,0,15.5,15.5,0,15.1,15.1,0,15,15,0,15.1,15.1,0,16.3,16.3,0,18.3,18.3,0,20.7,20.7,0,24,24,0,27,27,0,28.9,28.9,0,29.2,29.2,0,27.2,27.2,0,24.8,24.8,0,23,23,0,22.1,22.1,0,22.5,22.5,0,24.2,24.2
Bhutan,0,0,0,0,0,0,0,0,0,0,0,0,0,0,0,0,0,0,0,0,0,0,0,0,0,0,0,0,0,0,0,0,0,0,0.1,0.1,0,0.1,0.1,0,0.1,0.1,0,0.2,0.2,0,0.1,0.1,0,0.2,0.2,0,0.2,0.2
Bolivia (Plurinational State of),0,0,0,0,0,0,0,0,0,0,0,0,0,0,0,0,0,0,0,0,0,0,0,0,0,0,0,0,0,0,0,0,0,0,0,0,0,0,0,0,0,0,0,0,0,0,0,0,0,0,0,0,0,0
Bosnia and Herzegovina,0,0,0,0,0,0,0,0,0,0,0,0,0,0,0,0,0,0,0,0,0,0,0,0,0,0,0,0,0,0,0,0,0,0,0,0,0,0,0,0,0,0,0,0,0,0,0,0,0,0,0,0,0,0
Botswana,0,0,0,0,0,0,0,0,0,0,0,0,0,0,0,0,0,0,0,0,0,0,0,0,0,0,0,0,0,0,0,0,0,0,0.1,0.1,0,0,0,0,0,0,0,0,0,0,0.1,0.1,0,0.1,0.1,0,0.4,0.4
Brazil,0,0,0,0,0,0,0,0,0,0,0,0,0,0,0,0,0,0,0,0,0,0,0,0,0,0,0,0,0,0,0,0,0,0,0,0,0,0,0,0,0,0,0,0,0,0,0,0,0,0,0,0,0,0
Brunei Darussalam,0,0,0,0,0,0,0,0,0,0,0,0,0,0,0,0,0,0,0,0,0,0,0,0,0,0,0,0,0,0,0,0,0,0,0,0,0,0,0,0,0,0,0,0,0,0,0,0,0,0,0,0,0,0
Bulgaria,0,0,0,0,0,0,0,0,0,0,0,0,0,0,0,0,0,0,0,0,0,0,0,0,0,0,0,0,0,0,0,0,0,0,0,0,0,0,0,0,0,0,0,0,0,0,0,0,0,0,0,0,0,0
Burkina Faso,0,15.8,15.8,0,17.6,17.6,0,20.4,20.4,0,24.3,24.3,0,27.5,27.5,0,33.8,33.8,0,40.7,40.7,0,46.2,46.2,0,49.9,49.9,0,51.6,51.6,0,52.9,52.9,0,53.9,53.9,0,55.8,55.8,0,59.2,59.2,0,63.2,63.2,0,66.9,66.9,0,69.6,69.6,0,71.1,71.1
Burundi,0,5.8,5.8,0,5.8,5.8,0,5.9,5.9,0,6,6,0,6.1,6.1,0,6.5,6.5,0,6.4,6.4,0,7,7,0,7.8,7.8,0,9,9,0,10.7,10.7,0,13.1,13.1,0,16,16,0,20.7,20.7,0,25.8,25.8,0,30.3,30.3,0,36.4,36.4,0,40.5,40.5
Cabo Verde,0,0,0,0,0,0,0,0,0,0,0,0,0,0,0,0,0,0,0,0,0,0,0,0,0,0,0,0,0,0,0,0,0,0,0.1,0.1,0,0,0,0,0,0,0,0,0,0,0,0,0,0,0,0,0,0
Cambodia,0,0.2,0.2,0,0.1,0.1,0,0.3,0.3,0,0.3,0.3,0,0.2,0.2,0,0.3,0.3,0,0.5,0.5,0,0.5,0.5,0,0.7,0.7,0,0.4,0.4,0,0.2,0.2,0,0.5,0.5,0,0.3,0.3,0,0.6,0.6,0,1,1,0,0.7,0.7,0,1,1,0,2.1,2.1
Cameroon,0,11.3,11.3,0,12,12,0,12.7,12.7,0,13.1,13.1,0,13.2,13.2,0,13.2,13.2,0,12.8,12.8,0,13.7,13.7,0,16,16,0,19.4,19.4,0,24.3,24.3,0,29.8,29.8,0,33.6,33.6,0,35.1,35.1,0,34.1,34.1,0,31.7,31.7,0,28.1,28.1,0,26,26
Canada,0,0,0,0,0,0,0,0,0,0,0,0,0,0,0,0,0,0,0,0,0,0,0,0,0,0,0,0,0,0,0,0,0,0,0,0,0,0,0,0,0,0,0,0,0,0,0,0,0,0,0,0,0,0
Central African Republic,0,21.2,21.2,0,22.5,22.5,0,24.4,24.4,0,26.6,26.6,0,29.2,29.2,0,32.9,32.9,0,37,37,0,41.5,41.5,0,46,46,0,48.8,48.8,0,52.2,52.2,0,53,53,0,51.1,51.1,0,50,50,0,47,47,0,43.9,43.9,0,40.3,40.3,0,38.3,38.3
Chad,0,10,10,0,10.5,10.5,0,11.4,11.4,0,12.6,12.6,0,14.4,14.4,0,16.5,16.5,0,19.1,19.1,0,21.2,21.2,0,22,22,0,21.7,21.7,0,19.3,19.3,0,18,18,0,15.9,15.9,0,14.9,14.9,0,14.3,14.3,0,14.4,14.4,0,13.5,13.5,0,13.5,13.5
Chile,0,0,0,0,0,0,0,0,0,0,0,0,0,0,0,0,0,0,0,0,0,0,0,0,0,0,0,0,0,0,0,0,0,0,0,0,0,0,0,0,0,0,0,0,0,0,0,0,0,0,0,0,0,0
China,0,0,0,0,0,0,0,0,0,0,0,0,0,0,0,0,0,0,0,0,0,0,0,0,0,0,0,0,0,0,0,0,0,0,0,0,0,0,0,0,0,0,0,0,0,0,0,0,0,0,0,0,0,0
Colombia,0,0,0,0,0,0,0,0,0,0,0,0,0,0,0,0,0,0,0,0,0,0,0,0,0,0,0,0,0,0,0,0,0,0,0,0,0,0,0,0,0,0,0,0,0,0,0,0,0,0,0,0,0,0
Comoros,0,0,0,0,0,0,0,0,0,0,0,0,0,1.9,1.9,0,1.8,1.8,0,0.7,0.7,0,1.2,1.2,0,1.2,1.2,0,1.2,1.2,0,1.3,1.3,0,1.3,1.3,0,1.3,1.3,0,1.4,1.4,0,1.4,1.4,0,1.4,1.4,0,1.4,1.4,0,1.5,1.5
Congo,0,3.2,3.2,0,3.5,3.5,0,3.8,3.8,0,4,4,0,4.2,4.2,0,4.1,4.1,0,4.4,4.4,0,4.7,4.7,0,5.2,5.2,0,5.9,5.9,0,6.9,6.9,0,8.5,8.5,0,10.6,10.6,0,12.8,12.8,0,14.7,14.7,0,15.7,15.7,0,15.8,15.8,0,15.1,15.1
Cook Islands,0,0,0,0,0,0,0,0,0,0,0,0,0,0,0,0,0,0,0,0,0,0,0,0,0,0,0,0,0,0,0,0,0,0,0,0,0,0,0,0,0,0,0,0,0,0,0,0,0,0,0,0,0,0
Costa Rica,0,0,0,0,0,0,0,0,0,0,0,0,0,0,0,0,0,0,0,0,0,0,0,0,0,0,0,0,0,0,0,0,0,0,0,0,0,0,0,0,0,0,0,0,0,0,0,0,0,0,0,0,0,0
CÃ´te d'Ivoire,0,6.2,6.2,0,6.5,6.5,0,7,7,0,7.2,7.2,0,8.7,8.7,0,11,11,0,14.4,14.4,0,17.3,17.3,0,19,19,0,19,19,0,20,20,0,21.7,21.7,0,26.3,26.3,0,32.9,32.9,0,39.5,39.5,0,43,43,0,43.3,43.3,0,41.1,41.1
Croatia,0,0,0,0,0,0,0,0,0,0,0,0,0,0,0,0,0,0,0,0,0,0,0,0,0,0,0,0,0,0,0,0,0,0,0,0,0,0,0,0,0,0,0,0,0,0,0,0,0,0,0,0,0,0
Cuba,0,0,0,0,0,0,0,0,0,0,0,0,0,0,0,0,0,0,0,0,0,0,0,0,0,0,0,0,0,0,0,0,0,0,0,0,0,0,0,0,0,0,0,0,0,0,0,0,0,0,0,0,0,0
Cyprus,0,0,0,0,0,0,0,0,0,0,0,0,0,0,0,0,0,0,0,0,0,0,0,0,0,0,0,0,0,0,0,0,0,0,0,0,0,0,0,0,0,0,0,0,0,0,0,0,0,0,0,0,0,0
Czechia,0,0,0,0,0,0,0,0,0,0,0,0,0,0,0,0,0,0,0,0,0,0,0,0,0,0,0,0,0,0,0,0,0,0,0,0,0,0,0,0,0,0,0,0,0,0,0,0,0,0,0,0,0,0
Democratic People's Republic of Korea,0,0,0,0,0,0,0,0,0,0,0,0,0,0,0,0,0,0,0,0,0,0,0,0,0,0,0,0,0,0,0,0,0,0,0,0,0,0,0,0,0,0,0,0,0,0,0,0,0,0,0,0,0,0
Democratic Republic of the Congo,0,11.4,11.4,0,11.8,11.8,0,12,12,0,12.4,12.4,0,12.9,12.9,0,13.9,13.9,0,16,16,0,19.5,19.5,0,24.1,24.1,0,28.7,28.7,0,33.8,33.8,0,38.5,38.5,0,39.8,39.8,0,41.2,41.2,0,39.6,39.6,0,38.6,38.6,0,37.9,37.9,0,38.8,38.8
Denmark,0,0,0,0,0,0,0,0,0,0,0,0,0,0,0,0,0,0,0,0,0,0,0,0,0,0,0,0,0,0,0,0,0,0,0,0,0,0,0,0,0,0,0,0,0,0,0,0,0,0,0,0,0,0
Djibouti,0,0,0,0,0,0,0,0,0,0,0,0,0,0,0,0,0,0,0,0,0,0,0,0,0,0,0,0,0,0,0,0,0,0,0.1,0.1,0,0.2,0.2,0,0.2,0.2,0,0.2,0.2,0,0.1,0.1,0,0.1,0.1,0,0.1,0.1
Dominica,0,0,0,0,0,0,0,0,0,0,0,0,0,0,0,0,0,0,0,0,0,0,0,0,0,0,0,0,0,0,0,0,0,0,0,0,0,0,0,0,0,0,0,0,0,0,0,0,0,0,0,0,0,0
Dominican Republic,0,0,0,0,0,0,0,0,0,0,0,0,0,0,0,0,0,0,0,0,0,0,0,0,0,0,0,0,0,0,0,0,0,0,0,0,0,0,0,0,0,0,0,0,0,0,0,0,0,0,0,0,0,0
Ecuador,0,0,0,0,0,0,0,0,0,0,0,0,0,0,0,0,0,0,0,0,0,0,0,0,0,0,0,0,0,0,0,0,0,0,0,0,0,0,0,0,0,0,0,0,0,0,0,0,0,0.1,0.1,0,0,0
Egypt,0,0,0,0,0,0,0,0,0,0,0,0,0,0,0,0,0,0,0,0,0,0,0,0,0,0,0,0,0,0,0,0,0,0,0,0,0,0,0,0,0,0,0,0,0,0,0,0,0,0,0,0,0,0
El Salvador,0,0,0,0,0,0,0,0,0,0,0,0,0,0,0,0,0,0,0,0,0,0,0,0,0,0,0,0,0,0,0,0,0,0,0,0,0,0,0,0,0,0,0,0,0,0,0,0,0,0,0,0,0,0
Equatorial Guinea,0,13.8,13.8,0,15.6,15.6,0,17.9,17.9,0,21.3,21.3,0,24.4,24.4,0,26.5,26.5,0,27.6,27.6,0,27.6,27.6,0,27.4,27.4,0,28.5,28.5,0,30.4,30.4,0,32.5,32.5,0,33.9,33.9,0,34,34,0,32.5,32.5,0,31.2,31.2,0,30.3,30.3,0,30.1,30.1
Eritrea,0,0.4,0.4,0,0.3,0.3,0,0.2,0.2,0,0.4,0.4,0,0.1,0.1,0,0.1,0.1,0,0.2,0.2,0,0.3,0.3,0,0.1,0.1,0,0.1,0.1,0,0.1,0.1,0,0.1,0.1,0,0.1,0.1,0,0.1,0.1,0,0.2,0.2,0,0.1,0.1,0,0.3,0.3,0,0.2,0.2
Estonia,0,0,0,0,0,0,0,0,0,0,0,0,0,0,0,0,0,0,0,0,0,0,0,0,0,0,0,0,0,0,0,0,0,0,0,0,0,0,0,0,0,0,0,0,0,0,0,0,0,0,0,0,0,0
Eswatini,0,0,0,0,0,0,0,0,0,0,0,0,0,0,0,0,0,0,0,0,0,0,0,0,0,0,0,0,0,0,0,0,0,0,0,0,0,0,0,0,0,0,0,0,0,0,0,0,0,0,0,0,0,0
Ethiopia,0,0.4,0.4,0,0.5,0.5,0,0.6,0.6,0,0.6,0.6,0,0.9,0.9,0,0.8,0.8,0,0.8,0.8,0,1.7,1.7,0,1.6,1.6,0,1,1,0,1.5,1.5,0,2,2,0,2.4,2.4,0,3.5,3.5,0,2.5,2.5,0,2,2,0,1.9,1.9,0,1.6,1.6
Fiji,0,0,0,0,0,0,0,0,0,0,0,0,0,0,0,0,0,0,0,0,0,0,0,0,0,0,0,0,0,0,0,0,0,0,0,0,0,0,0,0,0,0,0,0,0,0,0,0,0,0,0,0,0,0
Finland,0,0,0,0,0,0,0,0,0,0,0,0,0,0,0,0,0,0,0,0,0,0,0,0,0,0,0,0,0,0,0,0,0,0,0,0,0,0,0,0,0,0,0,0,0,0,0,0,0,0,0,0,0,0
France,0,0,0,0,0,0,0,0,0,0,0,0,0,0,0,0,0,0,0,0,0,0,0,0,0,0,0,0,0,0,0,0,0,0,0,0,0,0,0,0,0,0,0,0,0,0,0,0,0,0,0,0,0,0
Gabon,0,3.1,3.1,0,3.2,3.2,0,3.3,3.3,0,3.4,3.4,0,3.4,3.4,0,3.3,3.3,0,3.1,3.1,0,2.9,2.9,0,2.7,2.7,0,2.6,2.6,0,2.6,2.6,0,2.9,2.9,0,3.4,3.4,0,4.3,4.3,0,5.5,5.5,0,6.8,6.8,0,7.8,7.8,0,8.5,8.5
Gambia,0,2.5,2.5,0,2.6,2.6,0,2.7,2.7,0,2.9,2.9,0,3,3,0,3.1,3.1,0,3.3,3.3,0,3.4,3.4,0,3.3,3.3,0,3.5,3.5,0,3.6,3.6,0,3.9,3.9,0,4.3,4.3,0,4.9,4.9,0,5.6,5.6,0,6.4,6.4,0,7.2,7.2,0,8.3,8.3
Georgia,0,0,0,0,0,0,0,0,0,0,0,0,0,0,0,0,0,0,0,0,0,0,0,0,0,0,0,0,0,0,0,0,0,0,0,0,0,0,0,0,0,0,0,0,0,0,0,0,0,0,0,0,0,0
Germany,0,0,0,0,0,0,0,0,0,0,0,0,0,0,0,0,0,0,0,0,0,0,0,0,0,0,0,0,0,0,0,0,0,0,0,0,0,0,0,0,0,0,0,0,0,0,0,0,0,0,0,0,0,0
Ghana,0,3.6,3.6,0,4.2,4.2,0,5,5,0,6.3,6.3,0,7.8,7.8,0,8.9,8.9,0,9.9,9.9,0,10.6,10.6,0,11,11,0,10.9,10.9,0,11.1,11.1,0,11.5,11.5,0,12,12,0,13.2,13.2,0,14.5,14.5,0,16.2,16.2,0,17.4,17.4,0,18.4,18.4
Greece,0,0,0,0,0,0,0,0,0,0,0,0,0,0,0,0,0,0,0,0,0,0,0,0,0,0,0,0,0,0,0,0,0,0,0,0,0,0,0,0,0,0,0,0,0,0,0,0,0,0,0,0,0,0
Grenada,0,0,0,0,0,0,0,0,0,0,0,0,0,0,0,0,0,0,0,0,0,0,0,0,0,0,0,0,0,0,0,0,0,0,0,0,0,0,0,0,0,0,0,0,0,0,0,0,0,0,0,0,0,0
Guatemala,0,0,0,0,0,0,0,0,0,0,0,0,0,0,0,0,0,0,0,0,0,0,0,0,0,0,0,0,0,0,0,0,0,0,0,0,0,0,0,0,0,0,0,0,0,0,0,0,0,0,0,0,0,0
Guinea,0,14,14,0,15.1,15.1,0,16.7,16.7,0,19,19,0,21.2,21.2,0,24.6,24.6,0,27,27,0,28.4,28.4,0,28.6,28.6,0,27.5,27.5,0,27.6,27.6,0,27.5,27.5,0,28.1,28.1,0,29.1,29.1,0,30.1,30.1,0,30.8,30.8,0,31,31,0,30.7,30.7
Guinea-Bissau,0,3.4,3.4,0,3.6,3.6,0,3.4,3.4,0,3.6,3.6,0,3.8,3.8,0,4.1,4.1,0,4.4,4.4,0,4.6,4.6,0,4.7,4.7,0,4.8,4.8,0,5,5,0,5.4,5.4,0,6.1,6.1,0,7.2,7.2,0,8.9,8.9,0,11.3,11.3,0,14.1,14.1,0,17,17
Guyana,0,0.5,0.5,0,0.4,0.4,0,0.3,0.3,0,0.4,0.4,0,1.8,1.8,0,1.5,1.5,0,1.5,1.5,0,1,1,0,0.5,0.5,0,0.4,0.4,0,0.2,0.2,0,0.6,0.6,0,1.2,1.2,0,0.8,0.8,0,0.8,0.8,0,0.6,0.6,0,0.7,0.7,0,0.7,0.7
Haiti,0,0.1,0.1,0,0.1,0.1,0,0.1,0.1,0,0.1,0.1,0,0.1,0.1,0,0.1,0.1,0,0.2,0.2,0,0.2,0.2,0,0.2,0.2,0,0.2,0.2,0,0.2,0.2,0,0.2,0.2,0,0.2,0.2,0,0.2,0.2,0,0.2,0.2,0,0.2,0.2,0,0.2,0.2,0,0.2,0.2
Honduras,0,0,0,0,0,0,0,0,0,0,0,0,0,0,0,0,0,0,0,0,0,0,0,0,0,0,0,0,0,0,0,0,0,0,0,0,0,0,0,0,0,0,0,0,0,0,0,0,0,0,0,0,0,0
Hungary,0,0,0,0,0,0,0,0,0,0,0,0,0,0,0,0,0,0,0,0,0,0,0,0,0,0,0,0,0,0,0,0,0,0,0,0,0,0,0,0,0,0,0,0,0,0,0,0,0,0,0,0,0,0
Iceland,0,0,0,0,0,0,0,0,0,0,0,0,0,0,0,0,0,0,0,0,0,0,0,0,0,0,0,0,0,0,0,0,0,0,0,0,0,0,0,0,0,0,0,0,0,0,0,0,0,0,0,0,0,0
India,0,0.1,0.1,0,0.1,0.1,0,0.1,0.1,0,0.1,0.1,0,0.1,0.1,0,0.1,0.1,0,0.1,0.1,0,0.1,0.1,0,0.1,0.1,0,0.1,0.1,0,0.1,0.1,0,0.1,0.1,0,0.2,0.2,0,0.2,0.2,0,0.2,0.2,0,0.1,0.1,0,0.2,0.2,0,0.1,0.1
Indonesia,0,0.1,0.1,0,0.1,0.1,0,0.1,0.1,0,0.1,0.1,0,0.2,0.2,0,0.2,0.2,0,0.2,0.2,0,0.2,0.2,0,0.1,0.1,0,0.1,0.1,0,0.1,0.1,0,0.1,0.1,0,0.1,0.1,0,0.1,0.1,0,0.1,0.1,0,0.1,0.1,0,0.1,0.1,0,0.1,0.1
Iran (Islamic Republic of),0,0,0,0,0,0,0,0,0,0,0,0,0,0,0,0,0,0,0,0,0,0,0,0,0,0,0,0,0,0,0,0,0,0,0,0,0,0,0,0,0,0,0,0,0,0,0,0,0,0,0,0,0,0
Iraq,0,0,0,0,0,0,0,0,0,0,0,0,0,0,0,0,0,0,0,0,0,0,0,0,0,0,0,0,0,0,0,0,0,0,0,0,0,0,0,0,0,0,0,0,0,0,0,0,0,0,0,0,0,0
Ireland,0,0,0,0,0,0,0,0,0,0,0,0,0,0,0,0,0,0,0,0,0,0,0,0,0,0,0,0,0,0,0,0,0,0,0,0,0,0,0,0,0,0,0,0,0,0,0,0,0,0,0,0,0,0
Israel,0,0,0,0,0,0,0,0,0,0,0,0,0,0,0,0,0,0,0,0,0,0,0,0,0,0,0,0,0,0,0,0,0,0,0,0,0,0,0,0,0,0,0,0,0,0,0,0,0,0,0,0,0,0
Italy,0,0,0,0,0,0,0,0,0,0,0,0,0,0,0,0,0,0,0,0,0,0,0,0,0,0,0,0,0,0,0,0,0,0,0,0,0,0,0,0,0,0,0,0,0,0,0,0,0,0,0,0,0,0
Jamaica,0,0,0,0,0,0,0,0,0,0,0,0,0,0,0,0,0,0,0,0,0,0,0,0,0,0,0,0,0,0,0,0,0,0,0,0,0,0,0,0,0,0,0,0,0,0,0,0,0,0,0,0,0,0
Japan,0,0,0,0,0,0,0,0,0,0,0,0,0,0,0,0,0,0,0,0,0,0,0,0,0,0,0,0,0,0,0,0,0,0,0,0,0,0,0,0,0,0,0,0,0,0,0,0,0,0,0,0,0,0
Jordan,0,0,0,0,0,0,0,0,0,0,0,0,0,0,0,0,0,0,0,0,0,0,0,0,0,0,0,0,0,0,0,0,0,0,0,0,0,0,0,0,0,0,0,0,0,0,0,0,0,0,0,0,0,0
Kazakhstan,0,0,0,0,0,0,0,0,0,0,0,0,0,0,0,0,0,0,0,0,0,0,0,0,0,0,0,0,0,0,0,0,0,0,0,0,0,0,0,0,0,0,0,0,0,0,0,0,0,0,0,0,0,0
Kenya,0,2,2,0,2.1,2.1,0,2.2,2.2,0,2.3,2.3,0,2.4,2.4,0,2.5,2.5,0,2.6,2.6,0,2.4,2.4,0,2.5,2.5,0,2.7,2.7,0,2.9,2.9,0,3.3,3.3,0,3.9,3.9,0,4.9,4.9,0,5.7,5.7,0,6.4,6.4,0,6.8,6.8,0,6.9,6.9
Kiribati,0,0,0,0,0,0,0,0,0,0,0,0,0,0,0,0,0,0,0,0,0,0,0,0,0,0,0,0,0,0,0,0,0,0,0,0,0,0,0,0,0,0,0,0,0,0,0,0,0,0,0,0,0,0
Kuwait,0,0,0,0,0,0,0,0,0,0,0,0,0,0,0,0,0,0,0,0,0,0,0,0,0,0,0,0,0,0,0,0,0,0,0,0,0,0,0,0,0,0,0,0,0,0,0,0,0,0,0,0,0,0
Kyrgyzstan,0,0,0,0,0,0,0,0,0,0,0,0,0,0,0,0,0,0,0,0,0,0,0,0,0,0,0,0,0,0,0,0,0,0,0,0,0,0,0,0,0,0,0,0,0,0,0,0,0,0,0,0,0,0
Lao People's Democratic Republic,0,0,0,0,0,0,0,0.1,0.1,0,0.2,0.2,0,0.2,0.2,0,0.3,0.3,0,0.1,0.1,0,0.1,0.1,0,0.1,0.1,0,0.2,0.2,0,0.2,0.2,0,0.2,0.2,0,0.1,0.1,0,0.2,0.2,0,0.2,0.2,0,0.2,0.2,0,0.3,0.3,0,0.7,0.7
Latvia,0,0,0,0,0,0,0,0,0,0,0,0,0,0,0,0,0,0,0,0,0,0,0,0,0,0,0,0,0,0,0,0,0,0,0,0,0,0,0,0,0,0,0,0,0,0,0,0,0,0,0,0,0,0
Lebanon,0,0,0,0,0,0,0,0,0,0,0,0,0,0,0,0,0,0,0,0,0,0,0,0,0,0,0,0,0,0,0,0,0,0,0,0,0,0,0,0,0,0,0,0,0,0,0,0,0,0,0,0,0,0
Lesotho,0,0,0,0,0,0,0,0,0,0,0,0,0,0,0,0,0,0,0,0,0,0,0,0,0,0,0,0,0,0,0,0,0,0,0,0,0,0,0,0,0,0,0,0,0,0,0,0,0,0,0,0,0,0
Liberia,0,7.6,7.6,0,7.8,7.8,0,7.7,7.7,0,8.1,8.1,0,8.6,8.6,0,9.8,9.8,0,11.5,11.5,0,13.3,13.3,0,14.9,14.9,0,16,16,0,16.6,16.6,0,17.1,17.1,0,18,18,0,19.3,19.3,0,20.7,20.7,0,21.8,21.8,0,22.5,22.5,0,22.8,22.8
Libya,0,0,0,0,0,0,0,0,0,0,0,0,0,0,0,0,0,0,0,0,0,0,0,0,0,0,0,0,0,0,0,0,0,0,0,0,0,0,0,0,0,0,0,0,0,0,0,0,0,0,0,0,0,0
Lithuania,0,0,0,0,0,0,0,0,0,0,0,0,0,0,0,0,0,0,0,0,0,0,0,0,0,0,0,0,0,0,0,0,0,0,0,0,0,0,0,0,0,0,0,0,0,0,0,0,0,0,0,0,0,0
Luxembourg,0,0,0,0,0,0,0,0,0,0,0,0,0,0,0,0,0,0,0,0,0,0,0,0,0,0,0,0,0,0,0,0,0,0,0,0,0,0,0,0,0,0,0,0,0,0,0,0,0,0,0,0,0,0
Madagascar,0,2.8,2.8,0,1.9,1.9,0,4,4,0,1.4,1.4,0,2.3,2.3,0,2.3,2.3,0,0.9,0.9,0,1,1,0,1,1,0,0.5,0.5,0,0.4,0.4,0,0.7,0.7,0,0.7,0.7,0,1,1,0,1.6,1.6,0,1.1,1.1,0,1.6,1.6,0,1.2,1.2
Malawi,0,4.4,4.4,0,4.8,4.8,0,5.4,5.4,0,6.2,6.2,0,7.2,7.2,0,8.5,8.5,0,9.2,9.2,0,10.1,10.1,0,11.7,11.7,0,12.4,12.4,0,13.5,13.5,0,15.4,15.4,0,18.3,18.3,0,23.6,23.6,0,30.3,30.3,0,37.5,37.5,0,43.8,43.8,0,48.5,48.5
Malaysia,0,0,0,0,0,0,0,0,0,0,0,0,0,0,0,0,0,0,0,0,0,0,0,0,0,0,0,0,0,0,0,0,0,0,0,0,0,0,0,0,0,0,0,0,0,0,0,0,0,0,0,0,0,0
Maldives,0,0,0,0,0,0,0,0,0,0,0,0,0,0,0,0,0,0,0,0,0,0,0,0,0,0,0,0,0,0,0,0,0,0,0,0,0,0,0,0,0,0,0,0,0,0,0,0,0,0,0,0,0,0
Mali,0,14.6,14.6,0,16.9,16.9,0,20.1,20.1,0,23.3,23.3,0,25.8,25.8,0,26.3,26.3,0,26.2,26.2,0,24.3,24.3,0,24.1,24.1,0,24.6,24.6,0,27.1,27.1,0,29.1,29.1,0,31.8,31.8,0,34,34,0,35.2,35.2,0,36.6,36.6,0,36.6,36.6,0,36.7,36.7
Malta,0,0,0,0,0,0,0,0,0,0,0,0,0,0,0,0,0,0,0,0,0,0,0,0,0,0,0,0,0,0,0,0,0,0,0,0,0,0,0,0,0,0,0,0,0,0,0,0,0,0,0,0,0,0
Marshall Islands,0,0,0,0,0,0,0,0,0,0,0,0,0,0,0,0,0,0,0,0,0,0,0,0,0,0,0,0,0,0,0,0,0,0,0,0,0,0,0,0,0,0,0,0,0,0,0,0,0,0,0,0,0,0
Mauritania,0,3.4,3.4,0,3.4,3.4,0,3.5,3.5,0,3.6,3.6,0,3.4,3.4,0,3.5,3.5,0,3.5,3.5,0,3.6,3.6,0,3.7,3.7,0,3.7,3.7,0,3.9,3.9,0,4,4,0,4.1,4.1,0,4.2,4.2,0,4.2,4.2,0,4.2,4.2,0,4.1,4.1,0,4,4
Mauritius,0,0,0,0,0,0,0,0,0,0,0,0,0,0,0,0,0,0,0,0,0,0,0,0,0,0,0,0,0,0,0,0,0,0,0,0,0,0,0,0,0,0,0,0,0,0,0,0,0,0,0,0,0,0
Mexico,0,0,0,0,0,0,0,0,0,0,0,0,0,0,0,0,0,0,0,0,0,0,0,0,0,0,0,0,0,0,0,0,0,0,0,0,0,0,0,0,0,0,0,0,0,0,0,0,0,0,0,0,0,0
Micronesia (Federated States of),0,0,0,0,0,0,0,0,0,0,0,0,0,0,0,0,0,0,0,0,0,0,0,0,0,0,0,0,0,0,0,0,0,0,0,0,0,0,0,0,0,0,0,0,0,0,0,0,0,0,0,0,0,0
Monaco,0,0,0,0,0,0,0,0,0,0,0,0,0,0,0,0,0,0,0,0,0,0,0,0,0,0,0,0,0,0,0,0,0,0,0,0,0,0,0,0,0,0,0,0,0,0,0,0,0,0,0,0,0,0
Mongolia,0,0,0,0,0,0,0,0,0,0,0,0,0,0,0,0,0,0,0,0,0,0,0,0,0,0,0,0,0,0,0,0,0,0,0,0,0,0,0,0,0,0,0,0,0,0,0,0,0,0,0,0,0,0
Montenegro,0,0,0,0,0,0,0,0,0,0,0,0,0,0,0,0,0,0,0,0,0,0,0,0,0,0,0,0,0,0,0,0,0,0,0,0,0,0,0,0,0,0,0,0,0,0,0,0,0,0,0,0,0,0
Morocco,0,0,0,0,0,0,0,0,0,0,0,0,0,0,0,0,0,0,0,0,0,0,0,0,0,0,0,0,0,0,0,0,0,0,0,0,0,0,0,0,0,0,0,0,0,0,0,0,0,0,0,0,0,0
Mozambique,0,8.8,8.8,0,9.6,9.6,0,10.6,10.6,0,11.6,11.6,0,12.4,12.4,0,12.8,12.8,0,13.3,13.3,0,13.7,13.7,0,14.4,14.4,0,15.5,15.5,0,17.7,17.7,0,20.7,20.7,0,24.5,24.5,0,28.8,28.8,0,33.1,33.1,0,36.9,36.9,0,40.1,40.1,0,42.6,42.6
Myanmar,0,0.1,0.1,0,0.1,0.1,0,0.2,0.2,0,0.2,0.2,0,0.3,0.3,0,1.1,1.1,0,0.7,0.7,0,1.1,1.1,0,0.8,0.8,0,0.9,0.9,0,0.6,0.6,0,0.5,0.5,0,0.7,0.7,0,0.7,0.7,0,0.7,0.7,0,0.7,0.7,0,0.7,0.7,0,0.7,0.7
Namibia,0,0.9,0.9,0,0.4,0.4,0,0.2,0.2,0,0.2,0.2,0,0.1,0.1,0,0,0,0,0,0,0,0,0,0,0,0,0,0.1,0.1,0,0.3,0.3,0,1.1,1.1,0,1.1,1.1,0,2.3,2.3,0,1.3,1.3,0,1.4,1.4,0,2.1,2.1,0,1.5,1.5
Nauru,0,0,0,0,0,0,0,0,0,0,0,0,0,0,0,0,0,0,0,0,0,0,0,0,0,0,0,0,0,0,0,0,0,0,0,0,0,0,0,0,0,0,0,0,0,0,0,0,0,0,0,0,0,0
Nepal,0,0,0,0,0,0,0,0,0,0,0,0,0,0,0,0,0,0,0,0,0,0,0,0,0,0,0,0,0,0,0,0,0,0,0,0,0,0,0,0,0,0,0,0,0,0,0,0,0,0,0,0,0,0
Netherlands,0,0,0,0,0,0,0,0,0,0,0,0,0,0,0,0,0,0,0,0,0,0,0,0,0,0,0,0,0,0,0,0,0,0,0,0,0,0,0,0,0,0,0,0,0,0,0,0,0,0,0,0,0,0
New Zealand,0,0,0,0,0,0,0,0,0,0,0,0,0,0,0,0,0,0,0,0,0,0,0,0,0,0,0,0,0,0,0,0,0,0,0,0,0,0,0,0,0,0,0,0,0,0,0,0,0,0,0,0,0,0
Nicaragua,0,0,0,0,0,0,0,0,0,0,0,0,0,0,0,0,0,0,0,0,0,0,0,0,0,0,0,0,0,0,0,0,0,0,0,0,0,0,0,0,0,0,0,0,0,0,0,0,0,0,0,0,0,0
Niger,0,14.9,14.9,0,16.5,16.5,0,17.7,17.7,0,19.7,19.7,0,21.7,21.7,0,23.4,23.4,0,24.5,24.5,0,24.7,24.7,0,23.6,23.6,0,22.8,22.8,0,23.3,23.3,0,22.9,22.9,0,23.9,23.9,0,25.2,25.2,0,26,26,0,26.5,26.5,0,26.4,26.4,0,26,26
Nigeria,0,9.6,9.6,0,11,11,0,12.3,12.3,0,13.8,13.8,0,15.3,15.3,0,16.9,16.9,0,18.9,18.9,0,20.9,20.9,0,22.9,22.9,0,25.6,25.6,0,28.9,28.9,0,31.3,31.3,0,32.5,32.5,0,33.5,33.5,0,34,34,0,34.9,34.9,0,35.2,35.2,0,35.7,35.7
Niue,0,0,0,0,0,0,0,0,0,0,0,0,0,0,0,0,0,0,0,0,0,0,0,0,0,0,0,0,0,0,0,0,0,0,0,0,0,0,0,0,0,0,0,0,0,0,0,0,0,0,0,0,0,0
Norway,0,0,0,0,0,0,0,0,0,0,0,0,0,0,0,0,0,0,0,0,0,0,0,0,0,0,0,0,0,0,0,0,0,0,0,0,0,0,0,0,0,0,0,0,0,0,0,0,0,0,0,0,0,0
Oman,0,0,0,0,0,0,0,0,0,0,0,0,0,0,0,0,0,0,0,0,0,0,0,0,0,0,0,0,0,0,0,0,0,0,0,0,0,0,0,0,0,0,0,0,0,0,0,0,0,0,0,0,0,0
Pakistan,0,0,0,0,0,0,0,0,0,0,0,0,0,0,0,0,0.1,0.1,0,0.1,0.1,0,0.1,0.1,0,0,0,0,0,0,0,0,0,0,0,0,0,0,0,0,0,0,0,0.1,0.1,0,0.1,0.1,0,0.1,0.1,0,0.1,0.1
Palau,0,0,0,0,0,0,0,0,0,0,0,0,0,0,0,0,0,0,0,0,0,0,0,0,0,0,0,0,0,0,0,0,0,0,0,0,0,0,0,0,0,0,0,0,0,0,0,0,0,0,0,0,0,0
Panama,0,0,0,0,0,0,0,0,0,0,0,0,0,0,0,0,0,0,0,0,0,0,0,0,0,0,0,0,0,0,0,0,0,0,0,0,0,0,0,0,0,0,0,0,0,0,0,0,0,0,0,0,0,0
Papua New Guinea,0,6.7,6.7,0,7.1,7.1,0,4.4,4.4,0,9.6,9.6,0,11.1,11.1,0,7.4,7.4,0,5.1,5.1,0,6.2,6.2,0,10.8,10.8,0,6.9,6.9,0,7.6,7.6,0,9.1,9.1,0,8.6,8.6,0,12.3,12.3,0,8.9,8.9,0,8.1,8.1,0,10.4,10.4,0,10.9,10.9
Paraguay,0,0,0,0,0,0,0,0,0,0,0,0,0,0,0,0,0,0,0,0,0,0,0,0,0,0,0,0,0,0,0,0,0,0,0,0,0,0,0,0,0,0,0,0,0,0,0,0,0,0,0,0,0,0
Peru,0,0,0,0,0,0,0,0,0,0,0,0,0,0,0,0,0,0,0,0,0,0,0,0,0,0,0,0,0,0,0,0,0,0,0,0,0,0,0,0,0,0,0,0,0,0,0,0,0,0,0,0,0,0
Philippines,0,0,0,0,0,0,0,0,0,0,0,0,0,0,0,0,0,0,0,0,0,0,0,0,0,0,0,0,0,0,0,0,0,0,0,0,0,0,0,0,0,0,0,0,0,0,0,0,0,0,0,0,0,0
Poland,0,0,0,0,0,0,0,0,0,0,0,0,0,0,0,0,0,0,0,0,0,0,0,0,0,0,0,0,0,0,0,0,0,0,0,0,0,0,0,0,0,0,0,0,0,0,0,0,0,0,0,0,0,0
Portugal,0,0,0,0,0,0,0,0,0,0,0,0,0,0,0,0,0,0,0,0,0,0,0,0,0,0,0,0,0,0,0,0,0,0,0,0,0,0,0,0,0,0,0,0,0,0,0,0,0,0,0,0,0,0
Qatar,0,0,0,0,0,0,0,0,0,0,0,0,0,0,0,0,0,0,0,0,0,0,0,0,0,0,0,0,0,0,0,0,0,0,0,0,0,0,0,0,0,0,0,0,0,0,0,0,0,0,0,0,0,0
Republic of Korea,0,0,0,0,0,0,0,0,0,0,0,0,0,0,0,0,0,0,0,0,0,0,0,0,0,0,0,0,0,0,0,0,0,0,0,0,0,0,0,0,0,0,0,0,0,0,0,0,0,0,0,0,0,0
Republic of Moldova,0,0,0,0,0,0,0,0,0,0,0,0,0,0,0,0,0,0,0,0,0,0,0,0,0,0,0,0,0,0,0,0,0,0,0,0,0,0,0,0,0,0,0,0,0,0,0,0,0,0,0,0,0,0
Romania,0,0,0,0,0,0,0,0,0,0,0,0,0,0,0,0,0,0,0,0,0,0,0,0,0,0,0,0,0,0,0,0,0,0,0,0,0,0,0,0,0,0,0,0,0,0,0,0,0,0,0,0,0,0
Russian Federation,0,0,0,0,0,0,0,0,0,0,0,0,0,0,0,0,0,0,0,0,0,0,0,0,0,0,0,0,0,0,0,0,0,0,0,0,0,0,0,0,0,0,0,0,0,0,0,0,0,0,0,0,0,0
Rwanda,0,1.7,1.7,0,1.8,1.8,0,1.9,1.9,0,2,2,0,2.2,2.2,0,2.4,2.4,0,2.6,2.6,0,2.8,2.8,0,3,3,0,3.3,3.3,0,3.7,3.7,0,4.3,4.3,0,5,5,0,6.1,6.1,0,7.4,7.4,0,8.5,8.5,0,9.9,9.9,0,10.5,10.5
Saint Kitts and Nevis,0,0,0,0,0,0,0,0,0,0,0,0,0,0,0,0,0,0,0,0,0,0,0,0,0,0,0,0,0,0,0,0,0,0,0,0,0,0,0,0,0,0,0,0,0,0,0,0,0,0,0,0,0,0
Saint Lucia,0,0,0,0,0,0,0,0,0,0,0,0,0,0,0,0,0,0,0,0,0,0,0,0,0,0,0,0,0,0,0,0,0,0,0,0,0,0,0,0,0,0,0,0,0,0,0,0,0,0,0,0,0,0
Saint Vincent and the Grenadines,0,0,0,0,0,0,0,0,0,0,0,0,0,0,0,0,0,0,0,0,0,0,0,0,0,0,0,0,0,0,0,0,0,0,0,0,0,0,0,0,0,0,0,0,0,0,0,0,0,0,0,0,0,0
Samoa,0,0,0,0,0,0,0,0,0,0,0,0,0,0,0,0,0,0,0,0,0,0,0,0,0,0,0,0,0,0,0,0,0,0,0,0,0,0,0,0,0,0,0,0,0,0,0,0,0,0,0,0,0,0
San Marino,0,0,0,0,0,0,0,0,0,0,0,0,0,0,0,0,0,0,0,0,0,0,0,0,0,0,0,0,0,0,0,0,0,0,0,0,0,0,0,0,0,0,0,0,0,0,0,0,0,0,0,0,0,0
Sao Tome and Principe,0,0,0,0,0,0,0,0,0,0,0,0,0,0.5,0.5,0,0.3,0.3,0,0.9,0.9,0,0.6,0.6,0,1.3,1.3,0,0.8,0.8,0,0.2,0.2,0,1.5,1.5,0,8.5,8.5,0,15.7,15.7,0,15.7,15.7,0,16.2,16.2,0,15.5,15.5,0,16.2,16.2
Saudi Arabia,0,0,0,0,0,0,0,0,0,0,0,0,0,0,0,0,0,0,0,0,0,0,0,0,0,0,0,0,0,0,0,0,0,0,0,0,0,0,0,0,0,0,0,0,0,0,0,0,0,0,0,0,0,0
Senegal,0,1.9,1.9,0,2,2,0,2.1,2.1,0,2.2,2.2,0,2.2,2.2,0,2.5,2.5,0,2.7,2.7,0,3,3,0,3.2,3.2,0,3.5,3.5,0,3.8,3.8,0,4.2,4.2,0,4.6,4.6,0,5.2,5.2,0,6.1,6.1,0,7.1,7.1,0,8.1,8.1,0,8.7,8.7
Serbia,0,0,0,0,0,0,0,0,0,0,0,0,0,0,0,0,0,0,0,0,0,0,0,0,0,0,0,0,0,0,0,0,0,0,0,0,0,0,0,0,0,0,0,0,0,0,0,0,0,0,0,0,0,0
Seychelles,0,0,0,0,0,0,0,0,0,0,0,0,0,0,0,0,0,0,0,0,0,0,0,0,0,0,0,0,0,0,0,0,0,0,0,0,0,0,0,0,0,0,0,0,0,0,0,0,0,0,0,0,0,0
Sierra Leone,0,24.4,24.4,0,25.3,25.3,0,26.9,26.9,0,29.6,29.6,0,34.5,34.5,0,41.5,41.5,0,49.2,49.2,0,54.7,54.7,0,60,60,0,62.7,62.7,0,62.7,62.7,0,61.3,61.3,0,59.9,59.9,0,58.1,58.1,0,56.1,56.1,0,53.9,53.9,0,51.3,51.3,0,48.6,48.6
Singapore,0,0,0,0,0,0,0,0,0,0,0,0,0,0,0,0,0,0,0,0,0,0,0,0,0,0,0,0,0,0,0,0,0,0,0,0,0,0,0,0,0,0,0,0,0,0,0,0,0,0,0,0,0,0
Slovakia,0,0,0,0,0,0,0,0,0,0,0,0,0,0,0,0,0,0,0,0,0,0,0,0,0,0,0,0,0,0,0,0,0,0,0,0,0,0,0,0,0,0,0,0,0,0,0,0,0,0,0,0,0,0
Slovenia,0,0,0,0,0,0,0,0,0,0,0,0,0,0,0,0,0,0,0,0,0,0,0,0,0,0,0,0,0,0,0,0,0,0,0,0,0,0,0,0,0,0,0,0,0,0,0,0,0,0,0,0,0,0
Solomon Islands,0,1.3,1.3,0,1.1,1.1,0,0.4,0.4,0,0.2,0.2,0,0.5,0.5,0,0.4,0.4,0,0.5,0.5,0,0.7,0.7,0,0.5,0.5,0,0.5,0.5,0,0.8,0.8,0,1.8,1.8,0,1.9,1.9,0,2.3,2.3,0,1.7,1.7,0,2.2,2.2,0,2.3,2.3,0,2,2
Somalia,0,0.7,0.7,0,0.7,0.7,0,0.6,0.6,0,0.5,0.5,0,0.5,0.5,0,0.4,0.4,0,0.4,0.4,0,0.5,0.5,0,0.7,0.7,0,1.2,1.2,0,2.3,2.3,0,3,3,0,3.6,3.6,0,3,3,0,3,3,0,3.1,3.1,0,3.1,3.1,0,3,3
South Africa,0,0.1,0.1,0,0,0,0,0,0,0,0,0,0,0,0,0,0,0,0,0,0,0,0,0,0,0,0,0,0,0,0,0,0,0,0,0,0,0,0,0,0,0,0,0,0,0,0,0,0,0,0,0,0.1,0.1
South Sudan,0,6.2,6.2,0,6,6,0,5.7,5.7,0,5.4,5.4,0,5.2,5.2,0,5.4,5.4,0,6.1,6.1,0,6.9,6.9,0,7.9,7.9,0,9.1,9.1,0,10,10,0,11.3,11.3,0,12.7,12.7,0,14.5,14.5,0,16.1,16.1,0,17.9,17.9,0,19.6,19.6,0,20.8,20.8
Spain,0,0,0,0,0,0,0,0,0,0,0,0,0,0,0,0,0,0,0,0,0,0,0,0,0,0,0,0,0,0,0,0,0,0,0,0,0,0,0,0,0,0,0,0,0,0,0,0,0,0,0,0,0,0
Sri Lanka,0,0,0,0,0,0,0,0,0,0,0,0,0,0,0,0,0,0,0,0,0,0,0,0,0,0,0,0,0,0,0,0,0,0,0,0,0,0,0,0,0,0,0,0,0,0,0,0,0,0,0,0,0,0
Sudan,0,0.8,0.8,0,0.8,0.8,0,0.8,0.8,0,0.8,0.8,0,0.8,0.8,0,0.7,0.7,0,0.7,0.7,0,0.8,0.8,0,0.8,0.8,0,0.9,0.9,0,1,1,0,1.2,1.2,0,1.7,1.7,0,1.7,1.7,0,1.7,1.7,0,1.8,1.8,0,1.9,1.9,0,2,2
Suriname,0,0,0,0,0,0,0,0,0,0,0,0,0,0,0,0,0,0,0,0,0,0,0,0,0,0,0,0,0,0,0,0,0,0,0,0,0,0,0,0,0.1,0.1,0,0.4,0.4,0,0.3,0.3,0,0.6,0.6,0,0.5,0.5
Sweden,0,0,0,0,0,0,0,0,0,0,0,0,0,0,0,0,0,0,0,0,0,0,0,0,0,0,0,0,0,0,0,0,0,0,0,0,0,0,0,0,0,0,0,0,0,0,0,0,0,0,0,0,0,0
Switzerland,0,0,0,0,0,0,0,0,0,0,0,0,0,0,0,0,0,0,0,0,0,0,0,0,0,0,0,0,0,0,0,0,0,0,0,0,0,0,0,0,0,0,0,0,0,0,0,0,0,0,0,0,0,0
Syrian Arab Republic,0,0,0,0,0,0,0,0,0,0,0,0,0,0,0,0,0,0,0,0,0,0,0,0,0,0,0,0,0,0,0,0,0,0,0,0,0,0,0,0,0,0,0,0,0,0,0,0,0,0,0,0,0,0
Tajikistan,0,0,0,0,0,0,0,0,0,0,0,0,0,0,0,0,0,0,0,0,0,0,0,0,0,0,0,0,0,0,0,0,0,0,0,0,0,0,0,0,0,0,0,0,0,0,0,0,0,0,0,0,0,0
Thailand,0,0,0,0,0,0,0,0,0,0,0,0,0,0,0,0,0,0,0,0,0,0,0,0,0,0,0,0,0,0,0,0,0,0,0,0,0,0,0,0,0.1,0.1,0,0.1,0.1,0,0.1,0.1,0,0.1,0.1,0,0.2,0.2
Republic of North Macedonia,0,0,0,0,0,0,0,0,0,0,0,0,0,0,0,0,0,0,0,0,0,0,0,0,0,0,0,0,0,0,0,0,0,0,0,0,0,0,0,0,0,0,0,0,0,0,0,0,0,0,0,0,0,0
Timor-Leste,0,0,0,0,0,0,0,0,0,0,0,0,0,0,0,0,0,0,0,0.4,0.4,0,1.7,1.7,0,1.7,1.7,0,2.7,2.7,0,2.1,2.1,0,2.4,2.4,0,2.2,2.2,0,3.8,3.8,0,0.6,0.6,0,1.3,1.3,0,1.6,1.6,0,1.6,1.6
Togo,0,16.6,16.6,0,17,17,0,16.8,16.8,0,15.8,15.8,0,15.1,15.1,0,15.3,15.3,0,16.1,16.1,0,17.4,17.4,0,19.3,19.3,0,21.4,21.4,0,23.6,23.6,0,25.3,25.3,0,26.2,26.2,0,26.5,26.5,0,26.5,26.5,0,26.6,26.6,0,27.3,27.3,0,28.5,28.5
Tonga,0,0,0,0,0,0,0,0,0,0,0,0,0,0,0,0,0,0,0,0,0,0,0,0,0,0,0,0,0,0,0,0,0,0,0,0,0,0,0,0,0,0,0,0,0,0,0,0,0,0,0,0,0,0
Trinidad and Tobago,0,0,0,0,0,0,0,0,0,0,0,0,0,0,0,0,0,0,0,0,0,0,0,0,0,0,0,0,0,0,0,0,0,0,0,0,0,0,0,0,0,0,0,0,0,0,0,0,0,0,0,0,0,0
Tunisia,0,0,0,0,0,0,0,0,0,0,0,0,0,0,0,0,0,0,0,0,0,0,0,0,0,0,0,0,0,0,0,0,0,0,0,0,0,0,0,0,0,0,0,0,0,0,0,0,0,0,0,0,0,0
Turkey,0,0,0,0,0,0,0,0,0,0,0,0,0,0,0,0,0,0,0,0,0,0,0,0,0,0,0,0,0,0,0,0,0,0,0,0,0,0,0,0,0,0,0,0,0,0,0,0,0,0,0,0,0,0
Turkmenistan,0,0,0,0,0,0,0,0,0,0,0,0,0,0,0,0,0,0,0,0,0,0,0,0,0,0,0,0,0,0,0,0,0,0,0,0,0,0,0,0,0,0,0,0,0,0,0,0,0,0,0,0,0,0
Tuvalu,0,0,0,0,0,0,0,0,0,0,0,0,0,0,0,0,0,0,0,0,0,0,0,0,0,0,0,0,0,0,0,0,0,0,0,0,0,0,0,0,0,0,0,0,0,0,0,0,0,0,0,0,0,0
Uganda,0,5,5,0,5,5,0,5.1,5.1,0,5.4,5.4,0,5.8,5.8,0,7,7,0,8.9,8.9,0,11.2,11.2,0,13.9,13.9,0,16.6,16.6,0,18.9,18.9,0,21.1,21.1,0,23.4,23.4,0,25,25,0,26.2,26.2,0,29.1,29.1,0,32.1,32.1,0,35.4,35.4
Ukraine,0,0,0,0,0,0,0,0,0,0,0,0,0,0,0,0,0,0,0,0,0,0,0,0,0,0,0,0,0,0,0,0,0,0,0,0,0,0,0,0,0,0,0,0,0,0,0,0,0,0,0,0,0,0
United Arab Emirates,0,0,0,0,0,0,0,0,0,0,0,0,0,0,0,0,0,0,0,0,0,0,0,0,0,0,0,0,0,0,0,0,0,0,0,0,0,0,0,0,0,0,0,0,0,0,0,0,0,0,0,0,0,0
United Kingdom of Great Britain and Northern Ireland,0,0,0,0,0,0,0,0,0,0,0,0,0,0,0,0,0,0,0,0,0,0,0,0,0,0,0,0,0,0,0,0,0,0,0,0,0,0,0,0,0,0,0,0,0,0,0,0,0,0,0,0,0,0
United Republic of Tanzania,0,3.3,3.3,0,3.5,3.5,0,3.6,3.6,0,3.7,3.7,0,3.8,3.8,0,3.6,3.6,0,3.9,3.9,0,4.3,4.3,0,4.7,4.7,0,5.1,5.1,0,5.8,5.8,0,6.8,6.8,0,7.9,7.9,0,9.3,9.3,0,10.9,10.9,0,12.1,12.1,0,13.9,13.9,0,15.2,15.2
United States of America,0,0,0,0,0,0,0,0,0,0,0,0,0,0,0,0,0,0,0,0,0,0,0,0,0,0,0,0,0,0,0,0,0,0,0,0,0,0,0,0,0,0,0,0,0,0,0,0,0,0,0,0,0,0
Uruguay,0,0,0,0,0,0,0,0,0,0,0,0,0,0,0,0,0,0,0,0,0,0,0,0,0,0,0,0,0,0,0,0,0,0,0,0,0,0,0,0,0,0,0,0,0,0,0,0,0,0,0,0,0,0
Uzbekistan,0,0,0,0,0,0,0,0,0,0,0,0,0,0,0,0,0,0,0,0,0,0,0,0,0,0,0,0,0,0,0,0,0,0,0,0,0,0,0,0,0,0,0,0,0,0,0,0,0,0,0,0,0,0
Vanuatu,0,0,0,0,0,0,0,0,0,0,0,0,0,0.1,0.1,0,0.4,0.4,0,0.6,0.6,0,0.9,0.9,0,1.1,1.1,0,2.1,2.1,0,2.1,2.1,0,1.6,1.6,0,1.9,1.9,0,3.3,3.3,0,5.2,5.2,0,3.8,3.8,0,1.3,1.3,0,2.1,2.1
Venezuela (Bolivarian Republic of),0,0.2,0.2,0,0.1,0.1,0,0.1,0.1,0,0,0,0,0,0,0,0,0,0,0,0,0,0,0,0,0,0,0,0,0,0,0,0,0,0,0,0,0,0,0,0,0,0,0,0,0,0,0,0,0,0,0,0,0
Viet Nam,0,0,0,0,0,0,0,0,0,0,0,0,0,0,0,0,0,0,0,0,0,0,0,0,0,0,0,0,0,0,0,0,0,0,0,0,0,0,0,0,0,0,0,0,0,0,0,0,0,0.1,0.1,0,0.1,0.1
Yemen,0,0.6,0.6,0,0.5,0.5,0,0.9,0.9,0,1.1,1.1,0,0.6,0.6,0,0.8,0.8,0,0.7,0.7,0,1.1,1.1,0,0.6,0.6,0,0.5,0.5,0,0.8,0.8,0,0.6,0.6,0,0.5,0.5,0,0.5,0.5,0,0.6,0.6,0,0.7,0.7,0,0.6,0.6,0,0.6,0.6
Zambia,0,4.7,4.7,0,5,5,0,5.2,5.2,0,5.4,5.4,0,5.1,5.1,0,5.1,5.1,0,5.1,5.1,0,5.1,5.1,0,5.3,5.3,0,5.6,5.6,0,6.2,6.2,0,7.2,7.2,0,8.7,8.7,0,10.5,10.5,0,12.2,12.2,0,13.7,13.7,0,14.8,14.8,0,15.2,15.2
Zimbabwe,0,2.2,2.2,0,1.1,1.1,0,1.9,1.9,0,1.9,1.9,0,1.4,1.4,0,0.9,0.9,0,1.2,1.2,0,2.1,2.1,0,1.6,1.6,0,1.3,1.3,0,4.3,4.3,0,2.3,2.3,0,2.3,2.3,0,2.3,2.3,0,2.4,2.4,0,2.4,2.4,0,2.4,2.4,0,2.4,2.4